{
  "task_name": "train_task_005",
  "n_points": 30,
  "x_values": [
    [
      0.8050029237453802,
      0.8079407897364937
    ],
    [
      0.515325561042142,
      0.2858013800881416
    ],
    [
      0.053930702381656426,
      0.38336888078551823
    ],
    [
      0.40847320541999865,
      0.045275193902445166
    ],
    [
      0.04875771072716806,
      0.9991761150650714
    ],
    [
      0.1139381524359363,
      0.9965212500627797
    ],
    [
      0.6496737254430521,
      0.24421414552346077
    ],
    [
      0.0,
      0.1502893715729804
    ],
    [
      1.0,
      0.0
    ],
    [
      0.8477040771076764,
      0.5762811104203509
    ],
    [
      0.0,
      0.26590846002920643
    ],
    [
      0.07695823854955555,
      0.7272597670646956
    ],
    [
      0.29949825716411954,
      0.5435107220607929
    ],
    [
      0.7108800119381449,
      0.0
    ],
    [
      1.0,
      0.2189522115996954
    ],
    [
      0.0,
      0.8658066065014429
    ],
    [
      0.8998262860586591,
      0.1429086446265441
    ],
    [
      0.5387052668283668,
      0.1632269455765022
    ],
    [
      0.1513885486276064,
      0.6765783549815144
    ],
    [
      0.11015186201568535,
      0.818922811574506
    ],
    [
      1.0,
      0.1404381959955048
    ],
    [
      0.56861470051121,
      0.1680374944739845
    ],
    [
      0.12172047836838276,
      0.7802080668006773
    ],
    [
      0.5593332194542299,
      0.18119155812736895
    ],
    [
      0.5659802392029951,
      0.15600700959291908
    ],
    [
      0.5665311400142355,
      0.15383519751480332
    ],
    [
      0.5658924088217566,
      0.15564051514741511
    ],
    [
      0.565403189119787,
      0.15632781951500296
    ],
    [
      0.5664260709033011,
      0.153760578571815
    ],
    [
      0.5654054766697185,
      0.15735313650505434
    ]
  ],
  "y_values": [
    -149.6454768576627,
    -4.690008156264238,
    -76.27948892158113,
    -32.01057624266617,
    -4.250469175501847,
    -7.977205449668349,
    -10.854732691282388,
    -212.6195529354404,
    -5.90541515695637,
    -75.76649042195736,
    -164.23795839048628,
    -6.913211220748539,
    -20.314143859219126,
    -15.803088767158668,
    -1.6358509857292352,
    -19.064922972600673,
    -11.016567878873742,
    -1.0822971497816638,
    -2.091622603756178,
    -0.4882145621101232,
    -0.7316870105014053,
    -0.4630081739791465,
    -0.46917141680158453,
    -0.542811393065309,
    -0.4006285325118804,
    -0.40191853418561474,
    -0.40040264867179776,
    -0.40004708489441393,
    -0.4017479141222075,
    -0.40062004965907494
  ],
  "best_so_far": [
    -149.6454768576627,
    -4.690008156264238,
    -4.690008156264238,
    -4.690008156264238,
    -4.250469175501847,
    -4.250469175501847,
    -4.250469175501847,
    -4.250469175501847,
    -4.250469175501847,
    -4.250469175501847,
    -4.250469175501847,
    -4.250469175501847,
    -4.250469175501847,
    -4.250469175501847,
    -1.6358509857292352,
    -1.6358509857292352,
    -1.6358509857292352,
    -1.0822971497816638,
    -1.0822971497816638,
    -0.4882145621101232,
    -0.4882145621101232,
    -0.4630081739791465,
    -0.4630081739791465,
    -0.4630081739791465,
    -0.4006285325118804,
    -0.4006285325118804,
    -0.40040264867179776,
    -0.40004708489441393,
    -0.40004708489441393,
    -0.40004708489441393
  ],
  "final_best": -0.40004708489441393
}