{
  "task_name": "train_task_011",
  "n_points": 30,
  "x_values": [
    [
      0.12857020276919962,
      0.49927786244011496
    ],
    [
      0.6014983576233575,
      0.028689008371944547
    ],
    [
      0.14792608457745593,
      0.9282110229603695
    ],
    [
      0.07042057615419683,
      0.12977394939929798
    ],
    [
      0.9483284532917751,
      0.6218835927963828
    ],
    [
      0.6390152702443084,
      0.2549295894466774
    ],
    [
      0.5526677269944702,
      0.9865433624113891
    ],
    [
      0.6177199871416554,
      1.0
    ],
    [
      0.13948858379970921,
      0.7138010119666743
    ],
    [
      0.7902041150030641,
      0.0
    ],
    [
      1.0,
      0.14800706672422634
    ],
    [
      0.0,
      0.8561009860350757
    ],
    [
      0.2641933489771458,
      0.5974291506559457
    ],
    [
      1.0,
      0.35133607567965647
    ],
    [
      0.8898341479685641,
      0.229077254865334
    ],
    [
      0.9421426860746298,
      0.0
    ],
    [
      0.9413167817677923,
      0.2162162391641462
    ],
    [
      0.8253474064205265,
      0.16975830010065934
    ],
    [
      0.8718027065744007,
      0.30311088221164895
    ],
    [
      0.8664422967601233,
      0.23069818836512299
    ],
    [
      0.18967654860292885,
      0.7781919590313054
    ],
    [
      0.42075635155206437,
      0.17233716920867856
    ],
    [
      0.43491393451498983,
      0.0
    ],
    [
      0.4884719376271047,
      0.15140351859331194
    ],
    [
      0.4764878717133817,
      0.2344558813195274
    ],
    [
      0.47882431680147186,
      0.18613623582820732
    ],
    [
      0.06874204085699187,
      1.0
    ],
    [
      0.09310184875763715,
      0.8685260363578255
    ],
    [
      0.4893200948510749,
      0.19288079641076156
    ],
    [
      0.09346651037734813,
      0.8966410495963921
    ]
  ],
  "y_values": [
    -18.256063340759024,
    -13.812592026520829,
    -9.827466334554726,
    -132.5874834733343,
    -30.912353982072766,
    -20.78071593198156,
    -147.00605779810596,
    -169.14459165476782,
    -2.8210002520413355,
    -8.954233477942616,
    -3.330886587666576,
    -27.36798074156598,
    -19.505100574283304,
    -4.371562267221805,
    -0.9449788829459086,
    -10.096064542717219,
    -1.8715871625512865,
    -2.405332405232051,
    -2.3002064888436946,
    -0.5625006429406524,
    -12.015847721910017,
    -5.723301266223654,
    -11.039230082627885,
    -0.5864133223349882,
    -0.7612310123786793,
    -0.3892843831068997,
    -1.7981452888244993,
    -0.4496194402766228,
    -0.4420296717044818,
    -0.4213065949536025
  ],
  "best_so_far": [
    -18.256063340759024,
    -13.812592026520829,
    -9.827466334554726,
    -9.827466334554726,
    -9.827466334554726,
    -9.827466334554726,
    -9.827466334554726,
    -9.827466334554726,
    -2.8210002520413355,
    -2.8210002520413355,
    -2.8210002520413355,
    -2.8210002520413355,
    -2.8210002520413355,
    -2.8210002520413355,
    -0.9449788829459086,
    -0.9449788829459086,
    -0.9449788829459086,
    -0.9449788829459086,
    -0.9449788829459086,
    -0.5625006429406524,
    -0.5625006429406524,
    -0.5625006429406524,
    -0.5625006429406524,
    -0.5625006429406524,
    -0.5625006429406524,
    -0.3892843831068997,
    -0.3892843831068997,
    -0.3892843831068997,
    -0.3892843831068997,
    -0.3892843831068997
  ],
  "final_best": -0.3892843831068997
}