{
  "task_name": "train_task_001",
  "n_points": 30,
  "x_values": [
    [
      0.5118216247002567,
      0.9504636963259353
    ],
    [
      0.14415961271963373,
      0.9486494471372439
    ],
    [
      0.31183145201048545,
      0.42332644897257565
    ],
    [
      0.8277025938204418,
      0.4091991363691613
    ],
    [
      0.5495936876730595,
      0.027559113243068367
    ],
    [
      0.1470977984832593,
      0.9129486751157802
    ],
    [
      0.13701078899065836,
      0.2703038166876421
    ],
    [
      0.21870497787362772,
      0.9485947063110344
    ],
    [
      0.6162934389030243,
      0.0
    ],
    [
      0.01359600989170029,
      0.8981107901486977
    ],
    [
      0.44784577511369855,
      0.19510567306673718
    ],
    [
      1.0,
      0.20109765389859494
    ],
    [
      1.0,
      0.5421914410138192
    ],
    [
      0.9084876112190557,
      0.0
    ],
    [
      0.4078617394093523,
      0.0
    ],
    [
      0.5422263951462701,
      0.2589363655141649
    ],
    [
      1.0,
      1.0
    ],
    [
      0.9331636388053648,
      0.3066306338559746
    ],
    [
      1.0,
      0.3397814699131021
    ],
    [
      0.4877299025021824,
      0.16705941866427718
    ],
    [
      0.845628551783717,
      0.21011480192679266
    ],
    [
      0.8843639899586312,
      0.22596703237248156
    ],
    [
      0.8647821820394386,
      0.2508086126706203
    ],
    [
      0.10503345643429289,
      0.815608621327618
    ],
    [
      0.4741440469166784,
      0.2499277476744243
    ],
    [
      0.4784370546247106,
      0.2202989336865557
    ],
    [
      0.09508460035464111,
      0.9156325301424874
    ],
    [
      0.07896867304552926,
      1.0
    ],
    [
      0.08750117794993886,
      0.9608805195719876
    ],
    [
      0.08444657404024591,
      0.9571635780293983
    ]
  ],
  "y_values": [
    -112.93104894077825,
    -8.698803650608145,
    -19.404675671358216,
    -10.869386213989847,
    -8.983970381494744,
    -7.626901417916712,
    -61.89614383173545,
    -36.172568205895715,
    -18.11765021373048,
    -21.481429866967073,
    -2.11271416472413,
    -3.1073225853261324,
    -15.779347636205545,
    -11.46433460860183,
    -17.424497579634373,
    -6.881529732951443,
    -103.55055552820384,
    -2.2182664321631576,
    -2.828496473249767,
    -0.9636987786364216,
    -1.0656157758553402,
    -0.9101902106628269,
    -0.48694720115331164,
    -2.4078407769158523,
    -0.5491185389142683,
    -0.4185970063522181,
    -0.5725558790213858,
    -0.5775950289605432,
    -0.42897313162231065,
    -0.42485728840584186
  ],
  "best_so_far": [
    -112.93104894077825,
    -8.698803650608145,
    -8.698803650608145,
    -8.698803650608145,
    -8.698803650608145,
    -7.626901417916712,
    -7.626901417916712,
    -7.626901417916712,
    -7.626901417916712,
    -7.626901417916712,
    -2.11271416472413,
    -2.11271416472413,
    -2.11271416472413,
    -2.11271416472413,
    -2.11271416472413,
    -2.11271416472413,
    -2.11271416472413,
    -2.11271416472413,
    -2.11271416472413,
    -0.9636987786364216,
    -0.9636987786364216,
    -0.9101902106628269,
    -0.48694720115331164,
    -0.48694720115331164,
    -0.48694720115331164,
    -0.4185970063522181,
    -0.4185970063522181,
    -0.4185970063522181,
    -0.4185970063522181,
    -0.4185970063522181
  ],
  "final_best": -0.4185970063522181
}