{
  "task_name": "train_task_007",
  "n_points": 30,
  "x_values": [
    [
      0.625095466604667,
      0.8972138009695755
    ],
    [
      0.7756856902451935,
      0.22520718999059186
    ],
    [
      0.30016628491122543,
      0.8735534453962619
    ],
    [
      0.005265304565574724,
      0.8212284183827663
    ],
    [
      0.7970694287520462,
      0.4679349528437208
    ],
    [
      0.7478696950835563,
      0.0894568913168311
    ],
    [
      0.8739251634329537,
      0.0
    ],
    [
      1.0,
      0.18451894342085462
    ],
    [
      0.08827342763667975,
      0.0
    ],
    [
      1.0,
      0.0
    ],
    [
      1.0,
      0.40037173538372534
    ],
    [
      0.07720691493855243,
      1.0
    ],
    [
      0.0,
      1.0
    ],
    [
      0.1281746084437889,
      1.0
    ],
    [
      0.9372341433846485,
      0.20648535073433497
    ],
    [
      1.0,
      1.0
    ],
    [
      0.9622780619801905,
      0.2438418044218462
    ],
    [
      0.9391264498723099,
      0.15845668102611565
    ],
    [
      0.9164623981783149,
      0.17660744677757953
    ],
    [
      0.5001582820377338,
      0.0
    ],
    [
      0.463995782935277,
      0.23303994874492834
    ],
    [
      0.5343891481023886,
      0.1656205547586014
    ],
    [
      0.5139300637584805,
      0.15663661402208884
    ],
    [
      0.5456447323609851,
      0.10986535616496862
    ],
    [
      0.5210935670561533,
      0.19757830244754265
    ],
    [
      0.9377772931659715,
      0.18894824105611674
    ],
    [
      0.13484321211763275,
      0.8049283916049874
    ],
    [
      0.1121034159153373,
      0.8804635480746835
    ],
    [
      0.24060607276465137,
      0.5278241935873801
    ],
    [
      0.11639352109473597,
      0.8538335347661468
    ]
  ],
  "y_values": [
    -135.6878212541103,
    -20.336140457394,
    -52.95308780942284,
    -35.16426108441167,
    -41.89880134063771,
    -18.883559201995105,
    -7.51795118073737,
    -2.243996592319041,
    -173.20847909699341,
    -10.72329861389474,
    -8.216434046997943,
    -2.183605740632536,
    -18.250046494580594,
    -6.537134197035502,
    -0.45032586839451133,
    -125.57887363245402,
    -1.2882592786517917,
    -0.6131473508877396,
    -0.8456596643434953,
    -7.70545353009787,
    -4.266406390302794,
    -0.473228078824912,
    -0.7081055541310094,
    -1.3320419661898866,
    -0.48379672246279926,
    -0.3903895185690631,
    -0.8521167705425143,
    -0.4166945497170945,
    -13.574866884927093,
    -0.3996709203974037
  ],
  "best_so_far": [
    -135.6878212541103,
    -20.336140457394,
    -20.336140457394,
    -20.336140457394,
    -20.336140457394,
    -18.883559201995105,
    -7.51795118073737,
    -2.243996592319041,
    -2.243996592319041,
    -2.243996592319041,
    -2.243996592319041,
    -2.183605740632536,
    -2.183605740632536,
    -2.183605740632536,
    -0.45032586839451133,
    -0.45032586839451133,
    -0.45032586839451133,
    -0.45032586839451133,
    -0.45032586839451133,
    -0.45032586839451133,
    -0.45032586839451133,
    -0.45032586839451133,
    -0.45032586839451133,
    -0.45032586839451133,
    -0.45032586839451133,
    -0.3903895185690631,
    -0.3903895185690631,
    -0.3903895185690631,
    -0.3903895185690631,
    -0.3903895185690631
  ],
  "final_best": -0.3903895185690631
}