{
  "task_name": "train_task_010",
  "n_points": 30,
  "x_values": [
    [
      0.9560017096289753,
      0.20768181007914688
    ],
    [
      0.8284448852745308,
      0.14928212308202027
    ],
    [
      0.5128046164365648,
      0.13591960402050662
    ],
    [
      0.6890364797811311,
      0.841747724312279
    ],
    [
      0.4255089974049766,
      0.9569260034533662
    ],
    [
      0.0,
      0.24297716043774936
    ],
    [
      0.7052805670158238,
      0.3074979158495361
    ],
    [
      0.5984896447620444,
      0.0
    ],
    [
      1.0,
      0.0
    ],
    [
      0.885767375398204,
      0.1938192546055158
    ],
    [
      0.6090303266472012,
      0.14411070471626214
    ],
    [
      1.0,
      0.4376089581275851
    ],
    [
      0.5893203601176049,
      0.2172550088530629
    ],
    [
      0.5976507527684247,
      0.17810471749023934
    ],
    [
      0.0,
      1.0
    ],
    [
      0.12423194531015147,
      1.0
    ],
    [
      0.15548320319925174,
      0.8364092282605922
    ],
    [
      0.12225264714704001,
      0.8933497052951106
    ],
    [
      0.1547443075290115,
      0.8848394914040684
    ],
    [
      0.29317224037141165,
      0.5795542507377361
    ],
    [
      1.0,
      0.1585746370070714
    ],
    [
      0.14081030898512809,
      0.837426733911529
    ],
    [
      0.5894552335732349,
      0.17282122601952551
    ],
    [
      0.1587856441197215,
      0.7885534645139027
    ],
    [
      0.6022511579618177,
      0.18163091568452935
    ],
    [
      0.1459280231552315,
      0.8295414556909356
    ],
    [
      0.6764693177905124,
      0.0
    ],
    [
      0.601666440263537,
      0.18097205792927312
    ],
    [
      1.0,
      1.0
    ],
    [
      0.14575365571068657,
      0.8312332728573408
    ]
  ],
  "y_values": [
    -9.352106661992922,
    -19.313960690064516,
    -9.56640959302189,
    -119.36395915591618,
    -97.90084787822488,
    -198.61451567565106,
    -15.867843072527037,
    -5.503134204272111,
    -6.560816959509558,
    -17.81830987710407,
    -0.6266749410933856,
    -21.15712533484136,
    -0.7057566790999953,
    -0.39809115933869466,
    -17.73310686895931,
    -3.893145260577803,
    -0.5919266158937083,
    -0.8554667955736703,
    -1.5536351901336711,
    -13.938113285638734,
    -3.154438246326843,
    -0.4122745609920942,
    -0.5588844275325776,
    -0.6085425182438545,
    -0.38454754653496515,
    -0.3861745580250505,
    -7.348122539285626,
    -0.3828720352827038,
    -162.93688788930555,
    -0.3839246566643575
  ],
  "best_so_far": [
    -9.352106661992922,
    -9.352106661992922,
    -9.352106661992922,
    -9.352106661992922,
    -9.352106661992922,
    -9.352106661992922,
    -9.352106661992922,
    -5.503134204272111,
    -5.503134204272111,
    -5.503134204272111,
    -0.6266749410933856,
    -0.6266749410933856,
    -0.6266749410933856,
    -0.39809115933869466,
    -0.39809115933869466,
    -0.39809115933869466,
    -0.39809115933869466,
    -0.39809115933869466,
    -0.39809115933869466,
    -0.39809115933869466,
    -0.39809115933869466,
    -0.39809115933869466,
    -0.39809115933869466,
    -0.39809115933869466,
    -0.38454754653496515,
    -0.38454754653496515,
    -0.38454754653496515,
    -0.3828720352827038,
    -0.3828720352827038,
    -0.3828720352827038
  ],
  "final_best": -0.3828720352827038
}