{
  "task_name": "train_task_003",
  "n_points": 30,
  "x_values": [
    [
      0.08564916714362436,
      0.2368105065960997
    ],
    [
      0.8012744652063969,
      0.5821620360643678
    ],
    [
      0.09412864224039919,
      0.4331269402364738
    ],
    [
      0.479051298140834,
      0.15973891463707857
    ],
    [
      0.7345771514092145,
      0.11367201992140341
    ],
    [
      0.5910526830854603,
      0.13890384065805042
    ],
    [
      0.5141161412426689,
      0.05058829382465071
    ],
    [
      0.6228895285616972,
      0.2721961473657202
    ],
    [
      0.11934571176647803,
      1.0
    ],
    [
      0.33201163903425335,
      0.8220884819384712
    ],
    [
      0.0,
      0.8998906806700268
    ],
    [
      1.0,
      1.0
    ],
    [
      1.0,
      0.0
    ],
    [
      1.0,
      0.22352931701282902
    ],
    [
      1.0,
      0.1415659975915047
    ],
    [
      0.5602333455468147,
      0.201153520061746
    ],
    [
      0.14511502383652722,
      0.8501298837164373
    ],
    [
      0.15105304190088809,
      0.9176068871151813
    ],
    [
      0.1245106019467246,
      0.8995042575151776
    ],
    [
      0.5724629464668908,
      0.17716703811217455
    ],
    [
      0.18208351770809103,
      0.7994403377444246
    ],
    [
      0.16851105395408222,
      0.841865835555094
    ],
    [
      0.9535323495003636,
      0.2057744285248187
    ],
    [
      0.9047045804028047,
      0.0
    ],
    [
      0.9768046270161711,
      0.20380844407400264
    ],
    [
      0.28696841314739996,
      0.5417482904924132
    ],
    [
      0.574492481613969,
      0.19360805221520505
    ],
    [
      0.9773296942616603,
      0.22565262952251436
    ],
    [
      0.5701278351603339,
      0.18178843902772596
    ],
    [
      0.9727970621601233,
      0.18945172938666746
    ]
  ],
  "y_values": [
    -163.14062873229196,
    -73.45224087217451,
    -88.06874954777459,
    -11.826125525521162,
    -18.36482558649923,
    -1.117871155309716,
    -12.167377634758912,
    -7.224177848082234,
    -3.49785747066606,
    -46.268727497238174,
    -28.223023020744513,
    -150.01000139554483,
    -9.206433582488723,
    -1.1119424113144725,
    -2.5584053505785733,
    -0.5509141126956878,
    -1.1267768661995299,
    -1.2865249884432548,
    -2.6020951822584473,
    -0.41811471819659524,
    -0.7479556740628361,
    -0.4964272573421476,
    -1.1468557996967823,
    -8.734168786345942,
    -0.4176146850882708,
    -13.436051933332786,
    -0.4667298391377904,
    -0.5932695119683443,
    -0.4085117912661349,
    -0.42205897645739665
  ],
  "best_so_far": [
    -163.14062873229196,
    -73.45224087217451,
    -73.45224087217451,
    -11.826125525521162,
    -11.826125525521162,
    -1.117871155309716,
    -1.117871155309716,
    -1.117871155309716,
    -1.117871155309716,
    -1.117871155309716,
    -1.117871155309716,
    -1.117871155309716,
    -1.117871155309716,
    -1.1119424113144725,
    -1.1119424113144725,
    -0.5509141126956878,
    -0.5509141126956878,
    -0.5509141126956878,
    -0.5509141126956878,
    -0.41811471819659524,
    -0.41811471819659524,
    -0.41811471819659524,
    -0.41811471819659524,
    -0.41811471819659524,
    -0.4176146850882708,
    -0.4176146850882708,
    -0.4176146850882708,
    -0.4176146850882708,
    -0.4085117912661349,
    -0.4085117912661349
  ],
  "final_best": -0.4085117912661349
}