{
  "task_name": "train_task_013",
  "n_points": 30,
  "x_values": [
    [
      0.8647975870165865,
      0.855302514932059
    ],
    [
      0.8110233987843422,
      0.2614463614164766
    ],
    [
      0.0771994577184214,
      0.9464657804460633
    ],
    [
      0.6137916910471019,
      0.00263075362629972
    ],
    [
      0.9104071780658378,
      0.9848034752375554
    ],
    [
      0.052356809284093316,
      0.4813570478367143
    ],
    [
      0.8511169999406709,
      0.0
    ],
    [
      0.2884271660372091,
      0.0
    ],
    [
      0.0,
      0.844917723069938
    ],
    [
      0.0,
      1.0
    ],
    [
      0.696993882099631,
      0.0
    ],
    [
      0.5378171161696574,
      0.18608749037713182
    ],
    [
      0.2786406113567915,
      0.6500461474952075
    ],
    [
      0.5591101883767078,
      0.09464262742314912
    ],
    [
      1.0,
      0.0
    ],
    [
      0.5925131821081465,
      0.13875883752496218
    ],
    [
      1.0,
      0.121125556293487
    ],
    [
      0.21825320026110678,
      1.0
    ],
    [
      1.0,
      0.07888844643072063
    ],
    [
      0.0931703898757931,
      0.7525094801414709
    ],
    [
      0.07733671122742648,
      0.8071509183570428
    ],
    [
      0.530871356111351,
      0.0
    ],
    [
      0.5305621246419937,
      0.11759705048899435
    ],
    [
      0.07679150811324857,
      0.7258494821118477
    ],
    [
      0.10386994576274831,
      0.6810446541449275
    ],
    [
      0.40157608006423945,
      0.2718909190179208
    ],
    [
      0.0930283596248659,
      0.7097014707520084
    ],
    [
      0.5530405429501556,
      0.10892089124700685
    ],
    [
      0.554360484839388,
      0.0967444338925769
    ],
    [
      0.5543606514070301,
      0.09660002439604634
    ]
  ],
  "y_values": [
    -206.50391810550687,
    -36.563263717810784,
    -6.433574008534351,
    -4.783708330955788,
    -208.8607889651589,
    -30.08048000566052,
    -17.92896496227176,
    -60.48222872666148,
    -8.631172633829994,
    -7.486436787616833,
    -15.08554028422718,
    -2.3847038116403025,
    -38.95311509227586,
    -0.46363407415535285,
    -3.4680760662127197,
    -3.022037960477496,
    -0.8872055740589385,
    -59.22562325068517,
    -0.8414222833772066,
    -0.8991731823857744,
    -1.6901083782439335,
    -4.600033881587011,
    -0.9564443737773779,
    -0.7156794167158714,
    -0.6540541740983885,
    -16.378868879007477,
    -0.4486260872727314,
    -0.4690278836724146,
    -0.43662118150602297,
    -0.4366795920889525
  ],
  "best_so_far": [
    -206.50391810550687,
    -36.563263717810784,
    -6.433574008534351,
    -4.783708330955788,
    -4.783708330955788,
    -4.783708330955788,
    -4.783708330955788,
    -4.783708330955788,
    -4.783708330955788,
    -4.783708330955788,
    -4.783708330955788,
    -2.3847038116403025,
    -2.3847038116403025,
    -0.46363407415535285,
    -0.46363407415535285,
    -0.46363407415535285,
    -0.46363407415535285,
    -0.46363407415535285,
    -0.46363407415535285,
    -0.46363407415535285,
    -0.46363407415535285,
    -0.46363407415535285,
    -0.46363407415535285,
    -0.46363407415535285,
    -0.46363407415535285,
    -0.46363407415535285,
    -0.4486260872727314,
    -0.4486260872727314,
    -0.43662118150602297,
    -0.43662118150602297
  ],
  "final_best": -0.43662118150602297
}