{
  "task_name": "train_task_012",
  "n_points": 30,
  "x_values": [
    [
      0.2508244581084461,
      0.9467529428594246
    ],
    [
      0.1893203845397613,
      0.1792914104181076
    ],
    [
      0.3498892405959575,
      0.23054124658990593
    ],
    [
      0.6704457427727847,
      0.11507938212344748
    ],
    [
      0.8963093737046804,
      0.8581304890839089
    ],
    [
      0.5986346717065033,
      0.26414160598443476
    ],
    [
      0.509675375842733,
      0.18866367507104687
    ],
    [
      0.5078869657151531,
      0.0
    ],
    [
      0.5043863462775477,
      0.13430262344315294
    ],
    [
      1.0,
      0.0
    ],
    [
      0.4831121193706333,
      0.1623947740794415
    ],
    [
      0.0,
      1.0
    ],
    [
      0.0,
      0.6926567853937418
    ],
    [
      0.5183577857096924,
      0.14583917820579057
    ],
    [
      0.8728897322378826,
      0.0
    ],
    [
      0.9532092493628148,
      0.17393794980287475
    ],
    [
      1.0,
      0.21527890415271517
    ],
    [
      0.9790816831855677,
      0.14161946130919112
    ],
    [
      0.8957930367420706,
      0.16011516283801122
    ],
    [
      0.0,
      0.0
    ],
    [
      0.15129458334647042,
      0.6262309368168815
    ],
    [
      0.08623839062024899,
      0.8258921209839941
    ],
    [
      0.10326236286371329,
      0.7499125218658307
    ],
    [
      0.10662602459313264,
      0.7758429376394004
    ],
    [
      0.9477074744026853,
      0.23743167122661263
    ],
    [
      0.09499513281468627,
      0.7787032836607762
    ],
    [
      0.09653117509903875,
      0.7765300899689392
    ],
    [
      0.5134270262679517,
      0.14571547393591747
    ],
    [
      0.9266814613977711,
      0.146455986536491
    ],
    [
      0.09697988449254295,
      0.7750612377181462
    ]
  ],
  "y_values": [
    -72.85849014680254,
    -47.78954397553847,
    -19.032708023950693,
    -16.97013713678637,
    -132.25793205930552,
    -14.236694049137228,
    -0.8412554291988907,
    -5.84942717150495,
    -0.5588878749012687,
    -10.773799482640623,
    -1.4056423420031756,
    -10.068658013793929,
    -34.584380137138936,
    -0.4186533388299719,
    -7.057650167160578,
    -0.9439982312553206,
    -2.072740605878593,
    -2.4793774600876746,
    -1.8635752020287606,
    -263.42799847151895,
    -3.5587581803821515,
    -0.6884003563924874,
    -0.4583537598600288,
    -0.600332568364086,
    -1.8092414043940381,
    -0.39864433965281515,
    -0.3922132220678911,
    -0.39205670379538704,
    -0.41787132363715646,
    -0.3915251514932962
  ],
  "best_so_far": [
    -72.85849014680254,
    -47.78954397553847,
    -19.032708023950693,
    -16.97013713678637,
    -16.97013713678637,
    -14.236694049137228,
    -0.8412554291988907,
    -0.8412554291988907,
    -0.5588878749012687,
    -0.5588878749012687,
    -0.5588878749012687,
    -0.5588878749012687,
    -0.5588878749012687,
    -0.4186533388299719,
    -0.4186533388299719,
    -0.4186533388299719,
    -0.4186533388299719,
    -0.4186533388299719,
    -0.4186533388299719,
    -0.4186533388299719,
    -0.4186533388299719,
    -0.4186533388299719,
    -0.4186533388299719,
    -0.4186533388299719,
    -0.4186533388299719,
    -0.39864433965281515,
    -0.3922132220678911,
    -0.39205670379538704,
    -0.39205670379538704,
    -0.3915251514932962
  ],
  "final_best": -0.3915251514932962
}