{
  "task_name": "train_task_014",
  "n_points": 30,
  "x_values": [
    [
      0.8309833188891115,
      0.3609466668342566
    ],
    [
      0.7027393055820549,
      0.8601187866525944
    ],
    [
      0.6413174807881646,
      0.5483632088133139
    ],
    [
      0.7623134225311933,
      0.7163143826400404
    ],
    [
      0.467168753910852,
      0.572458938182647
    ],
    [
      0.7797423231647694,
      0.30136481023008055
    ],
    [
      1.0,
      0.3070288567377831
    ],
    [
      1.0,
      0.33011290242397234
    ],
    [
      0.0,
      0.47941519523042564
    ],
    [
      1.0,
      0.1716711267115196
    ],
    [
      0.4281887418783085,
      0.0
    ],
    [
      0.6325906803596882,
      0.0
    ],
    [
      0.3236732110986049,
      0.24983779971010314
    ],
    [
      0.8903794760808046,
      0.15037997512054121
    ],
    [
      0.1642585693413897,
      0.0
    ],
    [
      0.45468452439656537,
      0.20729663159581066
    ],
    [
      0.0,
      1.0
    ],
    [
      0.14513044979567083,
      1.0
    ],
    [
      0.9362506999717947,
      0.245068307259571
    ],
    [
      0.42435955895501126,
      0.20709656471370402
    ],
    [
      0.46413845992660396,
      0.14112432591973995
    ],
    [
      0.4554845702383356,
      0.17251023113865405
    ],
    [
      0.8689811925445229,
      0.23459839788539835
    ],
    [
      0.4522103524341253,
      0.17032932238139675
    ],
    [
      0.4541670824896506,
      0.17170634482365638
    ],
    [
      0.8153110533883324,
      0.12031169935056744
    ],
    [
      0.8069935987003523,
      0.0
    ],
    [
      0.4538876192788951,
      0.1713141091484383
    ],
    [
      0.4572497706447829,
      0.17254397684766723
    ],
    [
      0.4532686704574871,
      0.1710425931531522
    ]
  ],
  "y_values": [
    -9.511620588982165,
    -173.4763518183416,
    -76.66468993803164,
    -101.61077422498434,
    -47.24746739651783,
    -11.50597079586118,
    -4.259765560062194,
    -5.548244611269497,
    -75.5839673108808,
    -2.6734693863882093,
    -8.702007612138527,
    -21.923836302364045,
    -17.28669196475068,
    -3.3522161879711794,
    -94.71552878208695,
    -0.7545109753057401,
    -6.759305894879104,
    -38.58674584086926,
    -2.2679061691851414,
    -1.6393192007781185,
    -0.7275903245531843,
    -0.4261121792047643,
    -1.9173283639330359,
    -0.43415755135444534,
    -0.4242013511263737,
    -1.6933949094912857,
    -6.287689311498088,
    -0.42490672064706475,
    -0.4378097504565365,
    -0.42691548267132085
  ],
  "best_so_far": [
    -9.511620588982165,
    -9.511620588982165,
    -9.511620588982165,
    -9.511620588982165,
    -9.511620588982165,
    -9.511620588982165,
    -4.259765560062194,
    -4.259765560062194,
    -4.259765560062194,
    -2.6734693863882093,
    -2.6734693863882093,
    -2.6734693863882093,
    -2.6734693863882093,
    -2.6734693863882093,
    -2.6734693863882093,
    -0.7545109753057401,
    -0.7545109753057401,
    -0.7545109753057401,
    -0.7545109753057401,
    -0.7545109753057401,
    -0.7275903245531843,
    -0.4261121792047643,
    -0.4261121792047643,
    -0.4261121792047643,
    -0.4242013511263737,
    -0.4242013511263737,
    -0.4242013511263737,
    -0.4242013511263737,
    -0.4242013511263737,
    -0.4242013511263737
  ],
  "final_best": -0.4242013511263737
}