{
  "task_name": "train_task_008",
  "n_points": 30,
  "x_values": [
    [
      0.3269722766055607,
      0.9872768433379255
    ],
    [
      0.31871083848551673,
      0.7885489358200289
    ],
    [
      0.8698965116962161,
      0.391084806539194
    ],
    [
      0.4378818731227988,
      0.37274890308935305
    ],
    [
      0.10695359647277436,
      0.47896545416271696
    ],
    [
      1.0,
      0.1599071018914964
    ],
    [
      1.0,
      0.27369977300515114
    ],
    [
      1.0,
      0.0
    ],
    [
      1.0,
      0.3255890359749945
    ],
    [
      0.36310056789791195,
      0.0
    ],
    [
      0.6759738067603661,
      0.26255439898052857
    ],
    [
      0.4440424675079512,
      0.7821412630010348
    ],
    [
      0.4356273370686509,
      0.22293273485380113
    ],
    [
      0.4332102671193452,
      0.7022987838710978
    ],
    [
      1.0,
      1.0
    ],
    [
      0.928178818981308,
      0.2538983695525447
    ],
    [
      0.3482757058519932,
      0.3150083694483653
    ],
    [
      0.0,
      0.977411478135631
    ],
    [
      0.48290265420563655,
      0.21491128270154328
    ],
    [
      0.5338570214641362,
      0.0
    ],
    [
      0.0,
      0.674319353518514
    ],
    [
      0.0,
      0.0
    ],
    [
      0.10367922780476496,
      0.9105441320083204
    ],
    [
      0.1370353782262236,
      0.7660063716700662
    ],
    [
      0.07245150233628508,
      1.0
    ],
    [
      0.08724028356194448,
      0.9062742128489879
    ],
    [
      0.8528892973158584,
      0.16128892203984102
    ],
    [
      0.8758377376522748,
      0.21036797634898216
    ],
    [
      0.47731433426760694,
      0.1802324293976936
    ],
    [
      0.8602025253398932,
      0.2177055397426339
    ]
  ],
  "y_values": [
    -81.27688695779204,
    -44.24638320909995,
    -6.202481010258497,
    -5.657549392969036,
    -29.12830507330999,
    -3.288690238508484,
    -1.997350856078596,
    -10.601628492812424,
    -2.9636758177873483,
    -29.05165421828171,
    -23.204002853224175,
    -57.0802125995585,
    -2.5203351838293044,
    -41.181389258438166,
    -104.12990500448993,
    -1.8853866174838598,
    -14.608107930123134,
    -17.017085923747118,
    -0.5204541534882499,
    -6.62105784495646,
    -57.63966062389545,
    -255.01723590088312,
    -0.790927986328084,
    -3.232514702745402,
    -0.8333806120567595,
    -0.48687099984592846,
    -0.8566224240082924,
    -0.4767383174165134,
    -0.4284340333127583,
    -0.4939010020273552
  ],
  "best_so_far": [
    -81.27688695779204,
    -44.24638320909995,
    -6.202481010258497,
    -5.657549392969036,
    -5.657549392969036,
    -3.288690238508484,
    -1.997350856078596,
    -1.997350856078596,
    -1.997350856078596,
    -1.997350856078596,
    -1.997350856078596,
    -1.997350856078596,
    -1.997350856078596,
    -1.997350856078596,
    -1.997350856078596,
    -1.8853866174838598,
    -1.8853866174838598,
    -1.8853866174838598,
    -0.5204541534882499,
    -0.5204541534882499,
    -0.5204541534882499,
    -0.5204541534882499,
    -0.5204541534882499,
    -0.5204541534882499,
    -0.5204541534882499,
    -0.48687099984592846,
    -0.48687099984592846,
    -0.4767383174165134,
    -0.4284340333127583,
    -0.4284340333127583
  ],
  "final_best": -0.4284340333127583
}