{
  "task_name": "train_task_002",
  "n_points": 30,
  "x_values": [
    [
      0.2616121342493164,
      0.2984911434141233
    ],
    [
      0.8142257405942803,
      0.0919159421350969
    ],
    [
      0.600100525965654,
      0.7285605268117946
    ],
    [
      0.18790107336660344,
      0.05514662733306819
    ],
    [
      0.2749693679060381,
      0.6574330148755926
    ],
    [
      0.31914598734770006,
      0.08305872197845618
    ],
    [
      0.8485837028397516,
      0.23531251137144435
    ],
    [
      0.7648808598932226,
      1.0
    ],
    [
      0.5086237557174618,
      0.31253909432693217
    ],
    [
      0.0,
      1.0
    ],
    [
      1.0,
      0.0
    ],
    [
      0.0,
      0.7224680273855048
    ],
    [
      0.3874819195139213,
      0.41709966803312887
    ],
    [
      0.19688892222071733,
      1.0
    ],
    [
      0.5575574305786801,
      0.16216711206428153
    ],
    [
      1.0,
      0.14685859734221887
    ],
    [
      0.6178669697641267,
      0.20985932914314737
    ],
    [
      0.5042982000845427,
      0.20159580347454148
    ],
    [
      0.592358926441744,
      0.0
    ],
    [
      1.0,
      0.2723983762989703
    ],
    [
      0.13437785165414518,
      0.839388858202238
    ],
    [
      0.09393520336818012,
      1.0
    ],
    [
      0.16687596937351243,
      0.7340388695550679
    ],
    [
      0.5705336002685818,
      0.11551408801149123
    ],
    [
      0.5639961816591216,
      0.11239501576142254
    ],
    [
      0.5722971467543112,
      0.12004080256408618
    ],
    [
      0.15873989698667362,
      0.8054943965679856
    ],
    [
      0.9716376336940824,
      0.1286537527566034
    ],
    [
      0.985840919296522,
      0.145995499491877
    ],
    [
      0.1557629980632781,
      0.8026998778286465
    ]
  ],
  "y_values": [
    -25.16385918333858,
    -18.429532292056447,
    -82.5659104819478,
    -95.58440118181898,
    -14.86692250406053,
    -45.657168339248784,
    -21.357317003467166,
    -207.83019370174486,
    -7.892992781157543,
    -17.482284021572013,
    -5.013122368781584,
    -50.85856312286378,
    -19.897822283550326,
    -19.082396577694382,
    -0.7688087484930751,
    -0.6055561157687744,
    -5.851838950619236,
    -4.812675410167437,
    -3.079640190779394,
    -3.8183880981058804,
    -1.0131954574603124,
    -4.262014519250382,
    -1.0742189168003176,
    -0.3960607543567483,
    -0.4724706933581033,
    -0.39569707011544375,
    -0.4065163632720277,
    -0.6206808159999299,
    -0.4211622114322555,
    -0.41324751378184926
  ],
  "best_so_far": [
    -25.16385918333858,
    -18.429532292056447,
    -18.429532292056447,
    -18.429532292056447,
    -14.86692250406053,
    -14.86692250406053,
    -14.86692250406053,
    -14.86692250406053,
    -7.892992781157543,
    -7.892992781157543,
    -5.013122368781584,
    -5.013122368781584,
    -5.013122368781584,
    -5.013122368781584,
    -0.7688087484930751,
    -0.6055561157687744,
    -0.6055561157687744,
    -0.6055561157687744,
    -0.6055561157687744,
    -0.6055561157687744,
    -0.6055561157687744,
    -0.6055561157687744,
    -0.6055561157687744,
    -0.3960607543567483,
    -0.3960607543567483,
    -0.39569707011544375,
    -0.39569707011544375,
    -0.39569707011544375,
    -0.39569707011544375,
    -0.39569707011544375
  ],
  "final_best": -0.39569707011544375
}