{
  "task_name": "train_task_004",
  "n_points": 30,
  "x_values": [
    [
      0.9430561055723676,
      0.5113275528143616
    ],
    [
      0.9762437057077041,
      0.08083602389560218
    ],
    [
      0.6073558319950296,
      0.37648658437727256
    ],
    [
      0.8019012069858072,
      0.17452781614402846
    ],
    [
      0.8716352741876564,
      0.5439414007634982
    ],
    [
      0.9458145753885083,
      0.09719474660024727
    ],
    [
      1.0,
      0.20944552365464889
    ],
    [
      0.0,
      0.0
    ],
    [
      0.623713951512565,
      0.0
    ],
    [
      0.37932508807341014,
      1.0
    ],
    [
      0.8263301347454157,
      0.0
    ],
    [
      0.9753566333610222,
      0.20034229170422982
    ],
    [
      0.47772994665549934,
      0.0
    ],
    [
      0.48001230843787135,
      0.20385328142998133
    ],
    [
      0.5124168038653188,
      0.1472459535751618
    ],
    [
      1.0,
      1.0
    ],
    [
      0.0,
      1.0
    ],
    [
      0.13980103640235275,
      0.7797592128296497
    ],
    [
      0.1171314113414886,
      0.9113139222977701
    ],
    [
      0.09130998859109905,
      0.8190044600829433
    ],
    [
      0.2412304311097685,
      0.5682377960909071
    ],
    [
      0.5127392218367073,
      0.1278275302346011
    ],
    [
      0.5248223527807612,
      0.14086497335936082
    ],
    [
      0.13801775074207928,
      0.7216682767336924
    ],
    [
      0.13058698245462594,
      0.7521958049184571
    ],
    [
      0.5222602963921746,
      0.14190922506625717
    ],
    [
      0.5222370073230144,
      0.14217333876564586
    ],
    [
      0.1335418657706569,
      0.7478682190519416
    ],
    [
      0.5222573303605783,
      0.14140999065022722
    ],
    [
      0.13357474723916668,
      0.7478047075161366
    ]
  ],
  "y_values": [
    -29.49303972369942,
    -4.716876187619683,
    -29.32758654985178,
    -13.301083490373005,
    -47.585432703666335,
    -3.9017232395695247,
    -2.035805173041383,
    -299.3656085142981,
    -12.267349905763794,
    -118.10473238107247,
    -10.064264706392887,
    -1.9446814853994663,
    -10.6860089458521,
    -2.5731019843811507,
    -0.47953516836940757,
    -141.7234456374713,
    -17.010346658058182,
    -0.9208927585150569,
    -4.38117156143656,
    -2.739144079965199,
    -12.05386712529048,
    -0.5727645035114366,
    -0.40504534520233154,
    -0.52247626896305,
    -0.4030116112604219,
    -0.3890084765074704,
    -0.3892044582326306,
    -0.3919758580755521,
    -0.388571236958913,
    -0.3920265510185138
  ],
  "best_so_far": [
    -29.49303972369942,
    -4.716876187619683,
    -4.716876187619683,
    -4.716876187619683,
    -4.716876187619683,
    -3.9017232395695247,
    -2.035805173041383,
    -2.035805173041383,
    -2.035805173041383,
    -2.035805173041383,
    -2.035805173041383,
    -1.9446814853994663,
    -1.9446814853994663,
    -1.9446814853994663,
    -0.47953516836940757,
    -0.47953516836940757,
    -0.47953516836940757,
    -0.47953516836940757,
    -0.47953516836940757,
    -0.47953516836940757,
    -0.47953516836940757,
    -0.47953516836940757,
    -0.40504534520233154,
    -0.40504534520233154,
    -0.4030116112604219,
    -0.3890084765074704,
    -0.3890084765074704,
    -0.3890084765074704,
    -0.388571236958913,
    -0.388571236958913
  ],
  "final_best": -0.388571236958913
}