{
  "task_name": "train_task_002",
  "n_points": 30,
  "x_values": [
    [
      0.2616121342493164,
      0.2984911434141233
    ],
    [
      0.8142257405942803,
      0.0919159421350969
    ],
    [
      0.600100525965654,
      0.7285605268117946
    ],
    [
      0.18790107336660344,
      0.05514662733306819
    ],
    [
      0.2749693679060381,
      0.6574330148755926
    ],
    [
      0.3044379058804846,
      0.9779947781191652
    ],
    [
      0.8314329316062874,
      0.0619387810559289
    ],
    [
      0.25454616444624145,
      0.5243503567318826
    ],
    [
      0.3220934515160093,
      0.4692880969192503
    ],
    [
      0.02801324793687181,
      0.6528078731420168
    ],
    [
      0.9020272364639995,
      0.42479878600034066
    ],
    [
      0.990731748077373,
      0.0
    ],
    [
      1.0,
      0.1972680967627118
    ],
    [
      1.0,
      1.0
    ],
    [
      0.9397612306848426,
      0.17384123912700733
    ],
    [
      1.0,
      0.13568455534334153
    ],
    [
      0.9719857695295097,
      0.2168566819222759
    ],
    [
      1.0,
      0.2757905750524839
    ],
    [
      0.9646200449406962,
      0.23255080083300309
    ],
    [
      0.5568282002293563,
      0.0
    ],
    [
      0.557830309524179,
      0.19248967725297877
    ],
    [
      0.6013352391598831,
      0.13403543659776462
    ],
    [
      0.5588858762058844,
      0.14233277854986645
    ],
    [
      0.1040040797614179,
      1.0
    ],
    [
      0.1662621442265589,
      0.8218080292126883
    ],
    [
      0.1548002065593035,
      0.8911068172521978
    ],
    [
      0.5792535011890091,
      0.20507433732536026
    ],
    [
      0.14741116364202597,
      0.8529917217594088
    ],
    [
      0.16631980803964264,
      0.8357717225974577
    ],
    [
      0.18090464121829303,
      0.786799703328549
    ]
  ],
  "y_values": [
    -34.33507599858238,
    -18.216567796441847,
    -79.62428180092417,
    -128.52243771027526,
    -12.563338972459796,
    -63.59575991093282,
    -17.01362295933947,
    -11.232417435968957,
    -17.943374701408537,
    -73.21262752347694,
    -25.177082171424253,
    -8.03306324896734,
    -1.2185488235669337,
    -150.01000139554483,
    -1.8863925736111493,
    -2.788234109855828,
    -0.5515855745822773,
    -1.9008611580723442,
    -1.0365149987231705,
    -6.746574542330636,
    -0.5959861410564801,
    -1.6963149184211652,
    -1.1959192870020812,
    -4.576970141382347,
    -0.42193930110588135,
    -0.819000610858358,
    -0.6888885355427746,
    -0.911917558578149,
    -0.41840319621225047,
    -0.7037508433129994
  ],
  "best_so_far": [
    -34.33507599858238,
    -18.216567796441847,
    -18.216567796441847,
    -18.216567796441847,
    -12.563338972459796,
    -12.563338972459796,
    -12.563338972459796,
    -11.232417435968957,
    -11.232417435968957,
    -11.232417435968957,
    -11.232417435968957,
    -8.03306324896734,
    -1.2185488235669337,
    -1.2185488235669337,
    -1.2185488235669337,
    -1.2185488235669337,
    -0.5515855745822773,
    -0.5515855745822773,
    -0.5515855745822773,
    -0.5515855745822773,
    -0.5515855745822773,
    -0.5515855745822773,
    -0.5515855745822773,
    -0.5515855745822773,
    -0.42193930110588135,
    -0.42193930110588135,
    -0.42193930110588135,
    -0.42193930110588135,
    -0.41840319621225047,
    -0.41840319621225047
  ],
  "final_best": -0.41840319621225047
}