{
  "task_name": "train_task_003",
  "n_points": 30,
  "x_values": [
    [
      0.08564916714362436,
      0.2368105065960997
    ],
    [
      0.8012744652063969,
      0.5821620360643678
    ],
    [
      0.09412864224039919,
      0.4331269402364738
    ],
    [
      0.479051298140834,
      0.15973891463707857
    ],
    [
      0.7345771514092145,
      0.11367201992140341
    ],
    [
      0.015323758828834187,
      0.14153286443858368
    ],
    [
      0.522743622624033,
      0.15061549377410932
    ],
    [
      0.6296085597067199,
      0.22038101896976436
    ],
    [
      0.4485083635040943,
      0.33059089960982896
    ],
    [
      0.0,
      1.0
    ],
    [
      0.39930397366664494,
      1.0
    ],
    [
      0.0,
      0.8264919203189003
    ],
    [
      0.2439239851572917,
      0.3984920109413241
    ],
    [
      1.0,
      0.0
    ],
    [
      0.6149933339492152,
      0.0
    ],
    [
      0.11165355002031799,
      0.858835551847825
    ],
    [
      1.0,
      0.2967543622899845
    ],
    [
      1.0,
      1.0
    ],
    [
      1.0,
      0.15314699224054767
    ],
    [
      0.5716189247183324,
      0.14336253236747534
    ],
    [
      0.13581088205346964,
      0.7407493399987711
    ],
    [
      0.10507859226080321,
      0.7988826638669773
    ],
    [
      0.5614409368833626,
      0.17153276263363348
    ],
    [
      0.11545735855760944,
      0.7898632110914394
    ],
    [
      0.9608180747430436,
      0.1240833675070068
    ],
    [
      0.5640347712342477,
      0.15293158895992592
    ],
    [
      0.1148032048916292,
      0.7907576708850547
    ],
    [
      0.564677285728614,
      0.1547910442670555
    ],
    [
      0.11462321358667077,
      0.7914887505444265
    ],
    [
      0.5639749685106522,
      0.15317440868960763
    ]
  ],
  "y_values": [
    -95.20337849103586,
    -81.4699624595742,
    -40.72680366293598,
    -7.658202083001717,
    -17.082635120005158,
    -197.78049250387417,
    -2.378380004242806,
    -6.612116897959623,
    -11.834784795090881,
    -12.019759152747705,
    -121.89651073342905,
    -23.143632859810285,
    -17.532497955794092,
    -5.90541515695637,
    -5.8691131806125165,
    -1.32077146835844,
    -5.531140694054762,
    -163.22462226562948,
    -0.671791608961343,
    -0.45485269915590254,
    -0.8779514561323366,
    -0.5052818405026025,
    -0.4549479801594019,
    -0.4041762278854975,
    -3.214937226509581,
    -0.40454877916160303,
    -0.40198759637906656,
    -0.40063609648680343,
    -0.40149136914283823,
    -0.4043192115289397
  ],
  "best_so_far": [
    -95.20337849103586,
    -81.4699624595742,
    -40.72680366293598,
    -7.658202083001717,
    -7.658202083001717,
    -7.658202083001717,
    -2.378380004242806,
    -2.378380004242806,
    -2.378380004242806,
    -2.378380004242806,
    -2.378380004242806,
    -2.378380004242806,
    -2.378380004242806,
    -2.378380004242806,
    -2.378380004242806,
    -1.32077146835844,
    -1.32077146835844,
    -1.32077146835844,
    -0.671791608961343,
    -0.45485269915590254,
    -0.45485269915590254,
    -0.45485269915590254,
    -0.45485269915590254,
    -0.4041762278854975,
    -0.4041762278854975,
    -0.4041762278854975,
    -0.40198759637906656,
    -0.40063609648680343,
    -0.40063609648680343,
    -0.40063609648680343
  ],
  "final_best": -0.40063609648680343
}