{
  "task_name": "train_task_001",
  "n_points": 30,
  "x_values": [
    [
      0.5118216247002567,
      0.9504636963259353
    ],
    [
      0.14415961271963373,
      0.9486494471372439
    ],
    [
      0.31183145201048545,
      0.42332644897257565
    ],
    [
      0.8277025938204418,
      0.4091991363691613
    ],
    [
      0.5495936876730595,
      0.027559113243068367
    ],
    [
      0.14760226767327983,
      0.9188338075794353
    ],
    [
      0.06222358251493019,
      0.4236303230122677
    ],
    [
      0.1942613602284463,
      1.0
    ],
    [
      0.4231621370831215,
      0.1177379007722119
    ],
    [
      0.6844547781189056,
      0.0
    ],
    [
      0.0,
      0.9749517463860047
    ],
    [
      1.0,
      0.0
    ],
    [
      0.5718768086686087,
      0.2324939133676429
    ],
    [
      1.0,
      1.0
    ],
    [
      0.4705496615794768,
      0.4088071766446937
    ],
    [
      0.5808247817636368,
      0.1250633040551381
    ],
    [
      1.0,
      0.1848296175259941
    ],
    [
      0.9334102259145417,
      0.11211520581880524
    ],
    [
      1.0,
      0.11965200336027582
    ],
    [
      0.5476438119139738,
      0.15010463145527767
    ],
    [
      0.11412803857674834,
      0.900907376365361
    ],
    [
      0.22166543639770972,
      0.7119978953990959
    ],
    [
      0.5692135658404898,
      0.13116673241913773
    ],
    [
      0.9822093651580033,
      0.1469023025322486
    ],
    [
      0.15958259798023747,
      0.8126188063575392
    ],
    [
      0.1528986559406269,
      0.8326148543649897
    ],
    [
      0.5701511235920182,
      0.1189539749657519
    ],
    [
      0.9842585208580216,
      0.1273838161362579
    ],
    [
      0.569927055237657,
      0.12068722826001496
    ],
    [
      0.9871721447480394,
      0.13722203598097793
    ]
  ],
  "y_values": [
    -126.5405762066373,
    -2.825509565710019,
    -17.062331974448306,
    -43.80967861334168,
    -3.356532441907593,
    -1.9364541108003848,
    -92.67140149237542,
    -18.147170498553646,
    -21.357130140934846,
    -11.869997434399167,
    -19.20364333596966,
    -5.013122368781584,
    -3.0223181886784345,
    -149.15186168800633,
    -16.36830821413524,
    -0.5426211796580654,
    -0.8985710498946992,
    -3.2917518378863155,
    -0.7575824385655109,
    -0.9709645538310036,
    -2.230138138892555,
    -5.448072087344254,
    -0.4137368021116238,
    -0.45947007479513247,
    -0.43200475368374436,
    -0.42883059438198645,
    -0.39229385410862333,
    -0.40022722862293586,
    -0.3920628354509524,
    -0.3943122956070003
  ],
  "best_so_far": [
    -126.5405762066373,
    -2.825509565710019,
    -2.825509565710019,
    -2.825509565710019,
    -2.825509565710019,
    -1.9364541108003848,
    -1.9364541108003848,
    -1.9364541108003848,
    -1.9364541108003848,
    -1.9364541108003848,
    -1.9364541108003848,
    -1.9364541108003848,
    -1.9364541108003848,
    -1.9364541108003848,
    -1.9364541108003848,
    -0.5426211796580654,
    -0.5426211796580654,
    -0.5426211796580654,
    -0.5426211796580654,
    -0.5426211796580654,
    -0.5426211796580654,
    -0.5426211796580654,
    -0.4137368021116238,
    -0.4137368021116238,
    -0.4137368021116238,
    -0.4137368021116238,
    -0.39229385410862333,
    -0.39229385410862333,
    -0.3920628354509524,
    -0.3920628354509524
  ],
  "final_best": -0.3920628354509524
}