{
  "task_name": "train_task_007",
  "n_points": 30,
  "x_values": [
    [
      0.625095466604667,
      0.8972138009695755
    ],
    [
      0.7756856902451935,
      0.22520718999059186
    ],
    [
      0.30016628491122543,
      0.8735534453962619
    ],
    [
      0.005265304565574724,
      0.8212284183827663
    ],
    [
      0.7970694287520462,
      0.4679349528437208
    ],
    [
      0.7454166608657511,
      0.9351589890650321
    ],
    [
      0.34306177139665545,
      0.325786609398041
    ],
    [
      0.41123248524823314,
      0.009710841501263598
    ],
    [
      0.0,
      0.15286514711154925
    ],
    [
      0.5309431900990439,
      0.24466384159386284
    ],
    [
      0.6301455977806687,
      0.0
    ],
    [
      1.0,
      0.0
    ],
    [
      1.0,
      0.2842886655268239
    ],
    [
      1.0,
      0.39669288713335554
    ],
    [
      0.0,
      1.0
    ],
    [
      0.47514704194898244,
      0.1980559448305808
    ],
    [
      0.46433962819788493,
      0.2686165095302759
    ],
    [
      0.9434812210115601,
      0.2199140807472405
    ],
    [
      0.48712969294340347,
      0.20190143602280472
    ],
    [
      0.5017150433156186,
      0.15781822372327448
    ],
    [
      0.08683970134152888,
      1.0
    ],
    [
      0.10536051891493958,
      0.8913282859018107
    ],
    [
      0.0821663921831531,
      0.9365862781368439
    ],
    [
      0.0896496865004898,
      0.9356746698769428
    ],
    [
      0.4923704542482783,
      0.1953369752206299
    ],
    [
      0.8777228268346785,
      0.0
    ],
    [
      0.08375414936954766,
      0.9146916555818052
    ],
    [
      0.07816723820982967,
      0.9375410132161617
    ],
    [
      0.8905457827763035,
      0.16253810203225388
    ],
    [
      0.9101200856448792,
      0.13476389146236262
    ]
  ],
  "y_values": [
    -137.74272733052283,
    -16.103203445453076,
    -58.02226763325725,
    -27.895425590083168,
    -33.073595186716624,
    -153.13860148164426,
    -17.823784721177788,
    -19.888812254772567,
    -212.26576131144768,
    -3.5381549338194427,
    -17.624946961050473,
    -11.69010415380906,
    -2.3362083512887453,
    -6.52446280632424,
    -12.82653069948358,
    -0.780903720419039,
    -1.776685323349414,
    -2.232935042703459,
    -0.45039254837293075,
    -0.7144809894976053,
    -2.019708174005109,
    -1.1948568933943984,
    -0.4561966917684977,
    -0.6813423436375908,
    -0.42514184607931665,
    -6.186593442056822,
    -0.4307949337573701,
    -0.45198793390131237,
    -0.8351000468248296,
    -1.970989960852253
  ],
  "best_so_far": [
    -137.74272733052283,
    -16.103203445453076,
    -16.103203445453076,
    -16.103203445453076,
    -16.103203445453076,
    -16.103203445453076,
    -16.103203445453076,
    -16.103203445453076,
    -16.103203445453076,
    -3.5381549338194427,
    -3.5381549338194427,
    -3.5381549338194427,
    -2.3362083512887453,
    -2.3362083512887453,
    -2.3362083512887453,
    -0.780903720419039,
    -0.780903720419039,
    -0.780903720419039,
    -0.45039254837293075,
    -0.45039254837293075,
    -0.45039254837293075,
    -0.45039254837293075,
    -0.45039254837293075,
    -0.45039254837293075,
    -0.42514184607931665,
    -0.42514184607931665,
    -0.42514184607931665,
    -0.42514184607931665,
    -0.42514184607931665,
    -0.42514184607931665
  ],
  "final_best": -0.42514184607931665
}