{
  "task_name": "train_task_000",
  "n_points": 30,
  "x_values": [
    [
      0.6369616873214543,
      0.2697867137638703
    ],
    [
      0.04097352393619469,
      0.016527635528529094
    ],
    [
      0.8132702392002724,
      0.9127555772777217
    ],
    [
      0.6066357757671799,
      0.7294965609839984
    ],
    [
      0.5436249914654229,
      0.9350724237877682
    ],
    [
      0.590292138283847,
      0.0
    ],
    [
      0.6791101561667795,
      0.0
    ],
    [
      0.6187481120452598,
      0.13004679150824405
    ],
    [
      1.0,
      0.0
    ],
    [
      0.5535132907798335,
      0.22595675706809737
    ],
    [
      0.580877923879037,
      0.18472467825540073
    ],
    [
      0.5679328585837765,
      0.158558436087353
    ],
    [
      0.0,
      1.0
    ],
    [
      0.16158871658874813,
      1.0
    ],
    [
      0.2680132807801809,
      0.7126175136331678
    ],
    [
      1.0,
      0.24285633665553225
    ],
    [
      1.0,
      0.14302624674317505
    ],
    [
      0.9260372366217444,
      0.1640977659174382
    ],
    [
      0.13071183269386505,
      0.8744126882265812
    ],
    [
      0.1553330691284274,
      0.8757476359281517
    ],
    [
      0.12172646169929036,
      0.9207530290733973
    ],
    [
      0.12559587879841336,
      0.9075581237058816
    ],
    [
      0.5823478841325772,
      0.19879502161511114
    ],
    [
      0.5824963393331313,
      0.19662976298617743
    ],
    [
      0.5824880131925805,
      0.19603513365727207
    ],
    [
      0.11885823453452886,
      0.9100412797813567
    ],
    [
      0.5826391912912035,
      0.19553130520006848
    ],
    [
      0.45862182988688843,
      0.4074498349320546
    ],
    [
      0.1023434999708447,
      1.0
    ],
    [
      0.12055406246663493,
      0.9350000963830218
    ]
  ],
  "y_values": [
    -5.626562135411059,
    -246.99234399632275,
    -147.59651546321854,
    -60.8359716834422,
    -99.74973365240336,
    -5.595896066134415,
    -10.352777442785161,
    -1.9091157692548206,
    -6.511329470526481,
    -1.2246691391015965,
    -0.4449444850117717,
    -1.0497152111034853,
    -23.72069651983426,
    -7.100577735964087,
    -16.711806973906242,
    -3.0984362445705815,
    -2.3765989237703415,
    -11.15615683712674,
    -0.7382430583404693,
    -1.6140870416405524,
    -0.4414071089685491,
    -0.4760757048843423,
    -0.42821996571962695,
    -0.42480982563016173,
    -0.42413231688613695,
    -0.5748522921948354,
    -0.42377298652909784,
    -13.393585947208429,
    -0.857349859562059,
    -0.4239539704167465
  ],
  "best_so_far": [
    -5.626562135411059,
    -5.626562135411059,
    -5.626562135411059,
    -5.626562135411059,
    -5.626562135411059,
    -5.595896066134415,
    -5.595896066134415,
    -1.9091157692548206,
    -1.9091157692548206,
    -1.2246691391015965,
    -0.4449444850117717,
    -0.4449444850117717,
    -0.4449444850117717,
    -0.4449444850117717,
    -0.4449444850117717,
    -0.4449444850117717,
    -0.4449444850117717,
    -0.4449444850117717,
    -0.4449444850117717,
    -0.4449444850117717,
    -0.4414071089685491,
    -0.4414071089685491,
    -0.42821996571962695,
    -0.42480982563016173,
    -0.42413231688613695,
    -0.42413231688613695,
    -0.42377298652909784,
    -0.42377298652909784,
    -0.42377298652909784,
    -0.42377298652909784
  ],
  "final_best": -0.42377298652909784
}