{
  "task_name": "train_task_004",
  "n_points": 30,
  "x_values": [
    [
      0.9430561055723676,
      0.5113275528143616
    ],
    [
      0.9762437057077041,
      0.08083602389560218
    ],
    [
      0.6073558319950296,
      0.37648658437727256
    ],
    [
      0.8019012069858072,
      0.17452781614402846
    ],
    [
      0.8716352741876564,
      0.5439414007634982
    ],
    [
      1.0,
      0.1911943679592561
    ],
    [
      0.0,
      0.0
    ],
    [
      0.6943014417885875,
      0.0
    ],
    [
      1.0,
      0.0
    ],
    [
      0.28675416175377383,
      1.0
    ],
    [
      0.8764837473848273,
      0.0
    ],
    [
      0.9234163064691413,
      0.09426905160699753
    ],
    [
      1.0,
      0.15535703314184596
    ],
    [
      1.0,
      1.0
    ],
    [
      0.0,
      1.0
    ],
    [
      0.0,
      0.7870426264468549
    ],
    [
      0.9742880015448139,
      0.14537789743912535
    ],
    [
      0.984143630795794,
      0.14489232446270028
    ],
    [
      0.8537499355601615,
      0.042417012348208265
    ],
    [
      0.28970270468060916,
      0.5614972974611147
    ],
    [
      0.9872247920256472,
      0.14510126653906696
    ],
    [
      0.9867889254809423,
      0.1453330207418732
    ],
    [
      0.8279483668376657,
      0.0
    ],
    [
      0.8860425997792608,
      0.04493722812496713
    ],
    [
      0.8998308920517057,
      0.03873217246262327
    ],
    [
      0.44206246544620315,
      0.15855246863178873
    ],
    [
      0.4249112633125986,
      0.3233379880855153
    ],
    [
      0.505635379130116,
      0.0
    ],
    [
      0.5073867073673363,
      0.10359053047109484
    ],
    [
      0.10529465263418487,
      0.8596032930918142
    ]
  ],
  "y_values": [
    -35.43865279765482,
    -3.0308934965713656,
    -39.89166811977082,
    -12.554963294488445,
    -50.503387137364165,
    -2.5314641362407233,
    -291.5656017578337,
    -20.311833751688184,
    -7.249610664954336,
    -89.12978152532885,
    -3.1402013143542065,
    -2.6455248782562846,
    -2.027881488535998,
    -150.2617557328585,
    -18.035156730542997,
    -31.258575917038453,
    -2.001633749329659,
    -2.001623308030593,
    -2.345650759157619,
    -27.471679106155815,
    -2.0016133919378007,
    -2.0016278541154326,
    -5.916929706830676,
    -1.4538559544734972,
    -2.332819972055973,
    -5.358116651376471,
    -13.085956812469306,
    -2.823978164874447,
    -0.4242989979470613,
    -2.118174038592234
  ],
  "best_so_far": [
    -35.43865279765482,
    -3.0308934965713656,
    -3.0308934965713656,
    -3.0308934965713656,
    -3.0308934965713656,
    -2.5314641362407233,
    -2.5314641362407233,
    -2.5314641362407233,
    -2.5314641362407233,
    -2.5314641362407233,
    -2.5314641362407233,
    -2.5314641362407233,
    -2.027881488535998,
    -2.027881488535998,
    -2.027881488535998,
    -2.027881488535998,
    -2.001633749329659,
    -2.001623308030593,
    -2.001623308030593,
    -2.001623308030593,
    -2.0016133919378007,
    -2.0016133919378007,
    -2.0016133919378007,
    -1.4538559544734972,
    -1.4538559544734972,
    -1.4538559544734972,
    -1.4538559544734972,
    -1.4538559544734972,
    -0.4242989979470613,
    -0.4242989979470613
  ],
  "final_best": -0.4242989979470613
}