{
  "task_name": "train_task_011",
  "n_points": 30,
  "x_values": [
    [
      0.12857020276919962,
      0.49927786244011496
    ],
    [
      0.6014983576233575,
      0.028689008371944547
    ],
    [
      0.14792608457745593,
      0.9282110229603695
    ],
    [
      0.07042057615419683,
      0.12977394939929798
    ],
    [
      0.9483284532917751,
      0.6218835927963828
    ],
    [
      0.5795588261259413,
      0.10731515313647096
    ],
    [
      0.5411661596036782,
      0.9063277990988141
    ],
    [
      0.1505184872594989,
      0.6763038330848586
    ],
    [
      0.48097197032547956,
      0.0
    ],
    [
      0.0,
      0.7591440873682069
    ],
    [
      0.9336837064915698,
      0.0
    ],
    [
      0.7958492227550154,
      0.0
    ],
    [
      1.0,
      0.15405638948139835
    ],
    [
      1.0,
      0.0
    ],
    [
      0.27644871771505825,
      0.48047728397989237
    ],
    [
      0.9167758021489201,
      0.14831344081093842
    ],
    [
      0.0,
      1.0
    ],
    [
      0.15693759412885364,
      0.5968194958173111
    ],
    [
      0.5138312486993694,
      0.12479124640040976
    ],
    [
      0.9578373764666298,
      0.09999652342213988
    ],
    [
      0.538572536382377,
      0.077255323090591
    ],
    [
      0.1141175831093309,
      0.6712350641988546
    ],
    [
      0.09899678044546643,
      0.7719651466743473
    ],
    [
      0.9636136069676021,
      0.13195806635637122
    ],
    [
      0.5358536238331568,
      0.10163040970837119
    ],
    [
      0.11291885402683628,
      0.715715145746846
    ],
    [
      0.5340640794874,
      0.0974576884862236
    ],
    [
      0.9612923288463668,
      0.11205057911686446
    ],
    [
      0.9572468073609361,
      0.1116106041768844
    ],
    [
      0.5364519708007118,
      0.09848522464865536
    ]
  ],
  "y_values": [
    -9.044013517347672,
    -4.830241806889721,
    -17.362982449265232,
    -124.35682865670091,
    -72.56344025078464,
    -2.6322734609619425,
    -163.77542863172022,
    -2.460886422048549,
    -9.014322241689142,
    -23.64953020258328,
    -3.4483165131568296,
    -17.605568135070236,
    -1.9682912984222252,
    -7.52308978951316,
    -19.00272570873191,
    -3.4886963866528897,
    -13.56980123748591,
    -2.534196463268214,
    -0.9414151903974182,
    -0.4321728788719676,
    -0.5214997875667408,
    -0.7452296364705048,
    -0.8531819627484143,
    -0.4897198751184674,
    -0.3986324050081876,
    -0.4080086857328368,
    -0.40716980162030525,
    -0.3993687168539717,
    -0.40784025051397965,
    -0.39833634800732165
  ],
  "best_so_far": [
    -9.044013517347672,
    -4.830241806889721,
    -4.830241806889721,
    -4.830241806889721,
    -4.830241806889721,
    -2.6322734609619425,
    -2.6322734609619425,
    -2.460886422048549,
    -2.460886422048549,
    -2.460886422048549,
    -2.460886422048549,
    -2.460886422048549,
    -1.9682912984222252,
    -1.9682912984222252,
    -1.9682912984222252,
    -1.9682912984222252,
    -1.9682912984222252,
    -1.9682912984222252,
    -0.9414151903974182,
    -0.4321728788719676,
    -0.4321728788719676,
    -0.4321728788719676,
    -0.4321728788719676,
    -0.4321728788719676,
    -0.3986324050081876,
    -0.3986324050081876,
    -0.3986324050081876,
    -0.3986324050081876,
    -0.3986324050081876,
    -0.39833634800732165
  ],
  "final_best": -0.39833634800732165
}