{
  "task_name": "train_task_009",
  "n_points": 30,
  "x_values": [
    [
      0.8702492039700847,
      0.28681720908755537
    ],
    [
      0.6031481500515619,
      0.7775340829201788
    ],
    [
      0.7160746296035653,
      0.9153801204905075
    ],
    [
      0.8603936491828846,
      0.9182376290487624
    ],
    [
      0.026587734467597213,
      0.4372480001295087
    ],
    [
      0.3505433893444729,
      0.2889786293700408
    ],
    [
      0.002193664728142926,
      0.2816590995852618
    ],
    [
      0.9254858815126352,
      0.28764819932969005
    ],
    [
      0.986500146072874,
      0.29734483697866454
    ],
    [
      0.9185594236686107,
      0.2997020499636544
    ],
    [
      0.5004890026755785,
      0.3968730352479543
    ],
    [
      1.0,
      0.0
    ],
    [
      0.20419880003956165,
      1.0
    ],
    [
      0.577509538095959,
      0.0
    ],
    [
      0.3367942715885444,
      0.6806294062400604
    ],
    [
      0.0,
      1.0
    ],
    [
      0.4936936689969704,
      0.13155151328408277
    ],
    [
      0.853616299362992,
      0.0
    ],
    [
      0.951596378612357,
      0.2053034195321475
    ],
    [
      0.5817577411358048,
      0.1730905342021809
    ],
    [
      0.10182218096542851,
      1.0
    ],
    [
      0.6678956936219029,
      0.0574292191759376
    ],
    [
      0.5458423861662353,
      0.1645571181636727
    ],
    [
      0.9331567978345221,
      0.16036075817058337
    ],
    [
      0.5509306301137894,
      0.14455723342254337
    ],
    [
      0.546469173604831,
      0.17320191233709553
    ],
    [
      0.942946480119086,
      0.1736779472301414
    ],
    [
      0.9397003964698748,
      0.18168103447598902
    ],
    [
      0.546829300413,
      0.1681669744314825
    ],
    [
      0.941062731874458,
      0.17899004947652142
    ]
  ],
  "y_values": [
    -10.147225853802409,
    -82.3916296045663,
    -143.95010187905072,
    -123.85389285224592,
    -122.8763967115785,
    -21.1292377488946,
    -171.76820745583396,
    -3.3503703091549535,
    -2.957292889376657,
    -4.498358453262697,
    -8.94009549217214,
    -9.978840073777796,
    -16.674728784907785,
    -4.7986805246664135,
    -27.661204033573423,
    -20.16380734155702,
    -4.48683706426624,
    -9.698406365791714,
    -0.5317342505440594,
    -2.0199316040760262,
    -2.803416557560749,
    -12.540761882812435,
    -0.36250655538776744,
    -0.4547292867041119,
    -0.44415587702740783,
    -0.37689885338172807,
    -0.3785922308824586,
    -0.3655314473740717,
    -0.36713336216069203,
    -0.36241193602919786
  ],
  "best_so_far": [
    -10.147225853802409,
    -10.147225853802409,
    -10.147225853802409,
    -10.147225853802409,
    -10.147225853802409,
    -10.147225853802409,
    -10.147225853802409,
    -3.3503703091549535,
    -2.957292889376657,
    -2.957292889376657,
    -2.957292889376657,
    -2.957292889376657,
    -2.957292889376657,
    -2.957292889376657,
    -2.957292889376657,
    -2.957292889376657,
    -2.957292889376657,
    -2.957292889376657,
    -0.5317342505440594,
    -0.5317342505440594,
    -0.5317342505440594,
    -0.5317342505440594,
    -0.36250655538776744,
    -0.36250655538776744,
    -0.36250655538776744,
    -0.36250655538776744,
    -0.36250655538776744,
    -0.36250655538776744,
    -0.36250655538776744,
    -0.36241193602919786
  ],
  "final_best": -0.36241193602919786
}