{
  "task_name": "train_task_000",
  "n_points": 30,
  "x_values": [
    [
      0.6369616873214543,
      0.2697867137638703
    ],
    [
      0.04097352393619469,
      0.016527635528529094
    ],
    [
      0.8132702392002724,
      0.9127555772777217
    ],
    [
      0.6066357757671799,
      0.7294965609839984
    ],
    [
      0.5436249914654229,
      0.9350724237877682
    ],
    [
      0.7300055132979766,
      0.0
    ],
    [
      0.6210484101020756,
      0.0
    ],
    [
      1.0,
      0.0018477910041136462
    ],
    [
      0.09076135151177772,
      0.276005474954913
    ],
    [
      0.9794135005576293,
      0.26486358951036854
    ],
    [
      0.0,
      0.2578926794657404
    ],
    [
      0.10737762488477721,
      0.26671637565147305
    ],
    [
      0.8944926056668244,
      0.06328824374463304
    ],
    [
      0.16331676423140293,
      0.840357132117121
    ],
    [
      0.06855384989106607,
      1.0
    ],
    [
      0.4228046928346356,
      0.0
    ],
    [
      1.0,
      0.6173048585225965
    ],
    [
      0.10893302044406035,
      1.0
    ],
    [
      0.39359184772492734,
      0.3337216701016701
    ],
    [
      0.09663774151163787,
      0.878727329794485
    ],
    [
      0.47852714294910664,
      0.19303182251560577
    ],
    [
      0.45752156863740145,
      0.19834669061842347
    ],
    [
      0.48683891472572133,
      0.14101256216864552
    ],
    [
      1.0,
      0.2502318915757151
    ],
    [
      0.08525270265832258,
      0.9577181067541085
    ],
    [
      0.881036850105126,
      0.2875310210653802
    ],
    [
      0.9123171187760545,
      0.28126953277280065
    ],
    [
      0.8398375981206105,
      0.24581543709721657
    ],
    [
      0.47846701679637593,
      0.23983810034598357
    ],
    [
      0.4880816452896807,
      0.21760089600565627
    ]
  ],
  "y_values": [
    -22.290041725557746,
    -210.53941888092805,
    -105.24015685514897,
    -81.72166045576151,
    -118.39226912743307,
    -18.12349897861981,
    -18.66628222097566,
    -11.46433460860183,
    -86.85975195899076,
    -2.054840370546606,
    -187.7808498605771,
    -78.14484630365975,
    -9.177847612997558,
    -8.681883867543812,
    -0.8278279110480495,
    -13.754936957164546,
    -24.618517611032207,
    -3.258437212124622,
    -8.240355178652617,
    -1.0253897754524364,
    -0.5679178291863443,
    -1.2618640808034967,
    -1.5519116802963655,
    -2.1572484578690037,
    -0.41814310328294196,
    -0.9046687338725337,
    -2.0385330430741284,
    -1.6678395560969672,
    -0.4884479483145308,
    -0.5781022789274494
  ],
  "best_so_far": [
    -22.290041725557746,
    -22.290041725557746,
    -22.290041725557746,
    -22.290041725557746,
    -22.290041725557746,
    -18.12349897861981,
    -18.12349897861981,
    -11.46433460860183,
    -11.46433460860183,
    -2.054840370546606,
    -2.054840370546606,
    -2.054840370546606,
    -2.054840370546606,
    -2.054840370546606,
    -0.8278279110480495,
    -0.8278279110480495,
    -0.8278279110480495,
    -0.8278279110480495,
    -0.8278279110480495,
    -0.8278279110480495,
    -0.5679178291863443,
    -0.5679178291863443,
    -0.5679178291863443,
    -0.5679178291863443,
    -0.41814310328294196,
    -0.41814310328294196,
    -0.41814310328294196,
    -0.41814310328294196,
    -0.41814310328294196,
    -0.41814310328294196
  ],
  "final_best": -0.41814310328294196
}