{
  "task_name": "train_task_006",
  "n_points": 30,
  "x_values": [
    [
      0.5381643514719432,
      0.34327086981333843
    ],
    [
      0.36906723979537825,
      0.37449676558788236
    ],
    [
      0.9874449901864666,
      0.6327562726071461
    ],
    [
      0.6743239305044936,
      0.32996345538545835
    ],
    [
      0.6799176611640223,
      0.12297237488719004
    ],
    [
      0.6800758038289656,
      0.12598726130092827
    ],
    [
      0.49116540706982326,
      0.3372608038617587
    ],
    [
      0.4815088804301182,
      0.13254448747679165
    ],
    [
      0.0,
      0.0
    ],
    [
      1.0,
      0.0
    ],
    [
      0.5319194019762782,
      0.0
    ],
    [
      0.3312270431207944,
      1.0
    ],
    [
      0.8746688976182315,
      0.0
    ],
    [
      0.4287245929003342,
      0.0
    ],
    [
      0.5194919022759239,
      0.13872919693440283
    ],
    [
      0.9412287336346337,
      0.16136824744051892
    ],
    [
      1.0,
      0.21315505380013813
    ],
    [
      0.0,
      1.0
    ],
    [
      0.12011084032642756,
      0.8057687963647826
    ],
    [
      0.06587247857566,
      0.7795733566068057
    ],
    [
      0.1022517539846587,
      0.9092320105526253
    ],
    [
      0.15937569104919994,
      0.7650786850024195
    ],
    [
      0.5165662127877544,
      0.16858919904914565
    ],
    [
      0.9624634948143836,
      0.12161184538813873
    ],
    [
      0.12809072287698395,
      0.8286443821638265
    ],
    [
      0.8783514181362474,
      0.14232016427232108
    ],
    [
      0.1337234331011451,
      0.7420890671403502
    ],
    [
      0.5303271557187789,
      0.1342159816770674
    ],
    [
      0.1306177377347488,
      0.7602651643100761
    ],
    [
      0.520597709325173,
      0.13905552137097815
    ]
  ],
  "y_values": [
    -12.669717504012937,
    -18.15142812935098,
    -53.53569005195057,
    -34.37396181866103,
    -18.263533943397093,
    -18.361390940448715,
    -9.042621087265202,
    -2.6986956336831285,
    -299.3656085142981,
    -10.6491508218098,
    -4.990041866802577,
    -99.68884365961647,
    -5.883555445220388,
    -22.5131729849789,
    -0.3929456040656511,
    -1.6729875301426775,
    -2.0852098267526147,
    -17.010346658058182,
    -0.6942497010551024,
    -10.568919171232702,
    -3.1713377193522643,
    -2.636787046592057,
    -0.562704698827181,
    -2.9420944577223387,
    -1.4589320250901823,
    -1.6104042001882022,
    -0.4109668876858243,
    -0.4890524555116612,
    -0.3915989720686139,
    -0.38822948558173936
  ],
  "best_so_far": [
    -12.669717504012937,
    -12.669717504012937,
    -12.669717504012937,
    -12.669717504012937,
    -12.669717504012937,
    -12.669717504012937,
    -9.042621087265202,
    -2.6986956336831285,
    -2.6986956336831285,
    -2.6986956336831285,
    -2.6986956336831285,
    -2.6986956336831285,
    -2.6986956336831285,
    -2.6986956336831285,
    -0.3929456040656511,
    -0.3929456040656511,
    -0.3929456040656511,
    -0.3929456040656511,
    -0.3929456040656511,
    -0.3929456040656511,
    -0.3929456040656511,
    -0.3929456040656511,
    -0.3929456040656511,
    -0.3929456040656511,
    -0.3929456040656511,
    -0.3929456040656511,
    -0.3929456040656511,
    -0.3929456040656511,
    -0.3915989720686139,
    -0.38822948558173936
  ],
  "final_best": -0.38822948558173936
}