{
  "task_name": "train_task_011",
  "optimizer": "bo_scratch_server",
  "n_init": 5,
  "n_iter": 25,
  "gp_state": {
    "kernel_type": "matern52",
    "lengthscale": [
      0.9878644753203277,
      3.6533405939891823
    ],
    "variance": 184.6333180494021,
    "noise": 1e-06,
    "standardize_targets": true,
    "optimize_hyperparameters": true,
    "optimize_noise": false,
    "y_mean": -22.01617224507969,
    "y_std": 43.56459682360068,
    "n_observations": 30,
    "dim": 2
  }
}