{
  "task_name": "train_task_013",
  "optimizer": "bo_scratch_server",
  "n_init": 5,
  "n_iter": 25,
  "gp_state": {
    "kernel_type": "matern52",
    "lengthscale": [
      0.6557325474884886,
      1.1581704371499393
    ],
    "variance": 7.693829229378027,
    "noise": 1e-06,
    "standardize_targets": true,
    "optimize_hyperparameters": true,
    "optimize_noise": false,
    "y_mean": -24.65904038904911,
    "y_std": 51.64546556155728,
    "n_observations": 30,
    "dim": 2
  }
}