{
  "task_name": "train_task_009",
  "optimizer": "bo_scratch_server",
  "n_init": 5,
  "n_iter": 25,
  "gp_state": {
    "kernel_type": "matern52",
    "lengthscale": [
      0.8535740307731525,
      2.8696881059189647
    ],
    "variance": 49.41605500051296,
    "noise": 1e-06,
    "standardize_targets": true,
    "optimize_hyperparameters": true,
    "optimize_noise": false,
    "y_mean": -27.01110390941399,
    "y_std": 47.641561597819454,
    "n_observations": 30,
    "dim": 2
  }
}