{
  "task_name": "train_task_007",
  "optimizer": "bo_scratch_server",
  "n_init": 5,
  "n_iter": 25,
  "gp_state": {
    "kernel_type": "matern52",
    "lengthscale": [
      1.0084927577903111,
      3.2702831833720687
    ],
    "variance": 148.4397336289104,
    "noise": 1e-06,
    "standardize_targets": true,
    "optimize_hyperparameters": true,
    "optimize_noise": false,
    "y_mean": -23.106121793068557,
    "y_std": 43.06011853215678,
    "n_observations": 30,
    "dim": 2
  }
}