{
  "task_name": "train_task_000",
  "optimizer": "bo_scratch_server",
  "n_init": 5,
  "n_iter": 25,
  "gp_state": {
    "kernel_type": "matern52",
    "lengthscale": [
      1.168607665916916,
      3.4232118123837307
    ],
    "variance": 133.47374820505078,
    "noise": 1e-06,
    "standardize_targets": true,
    "optimize_hyperparameters": true,
    "optimize_noise": false,
    "y_mean": -22.409144594262294,
    "y_std": 52.539472903154056,
    "n_observations": 30,
    "dim": 2
  }
}