{
  "task_name": "train_task_005",
  "base_function": "hartmann6",
  "subset": "train",
  "optimizer": "bo_scratch_multistart",
  "n_init": 6,
  "n_iter": 24,
  "seed": 5,
  "gp_state": {
    "kernel_type": "matern52",
    "lengthscale": [
      0.19977750538082686,
      0.8976195177384483,
      54.598150033144236,
      0.3319379911766301,
      4.232277398330635,
      1.0962564100495817
    ],
    "variance": 0.6384573363264705,
    "noise": 1e-06,
    "standardize_targets": true,
    "optimize_hyperparameters": true,
    "optimize_noise": false,
    "y_mean": 0.9115389598297178,
    "y_std": 1.0650104038021522,
    "n_observations": 30,
    "dim": 6
  }
}