{
  "task_name": "train_task_008",
  "base_function": "hartmann6",
  "subset": "train",
  "optimizer": "bo_scratch_multistart",
  "n_init": 6,
  "n_iter": 24,
  "seed": 8,
  "gp_state": {
    "kernel_type": "matern52",
    "lengthscale": [
      0.6532118969421504,
      0.7476334067775606,
      0.8851557087317137,
      0.5126133000071543,
      0.32999501828083083,
      0.6278848308964287
    ],
    "variance": 0.926344267037772,
    "noise": 1e-06,
    "standardize_targets": true,
    "optimize_hyperparameters": true,
    "optimize_noise": false,
    "y_mean": 1.5992164034905865,
    "y_std": 1.3010578249878955,
    "n_observations": 30,
    "dim": 6
  }
}