{
  "task_name": "train_task_004",
  "base_function": "hartmann6",
  "subset": "train",
  "optimizer": "bo_scratch_multistart",
  "n_init": 6,
  "n_iter": 24,
  "seed": 4,
  "gp_state": {
    "kernel_type": "matern52",
    "lengthscale": [
      1.3903896056349085,
      0.4189097117046174,
      1.1573652625301984,
      0.7912179012616262,
      0.6104575586429963,
      1.2915325195786749
    ],
    "variance": 0.8653939941552778,
    "noise": 1e-06,
    "standardize_targets": true,
    "optimize_hyperparameters": true,
    "optimize_noise": false,
    "y_mean": 0.5376771199042678,
    "y_std": 0.44326017927394523,
    "n_observations": 30,
    "dim": 6
  }
}