{
  "task_name": "train_task_001",
  "base_function": "hartmann6",
  "subset": "train",
  "optimizer": "bo_scratch_multistart",
  "n_init": 6,
  "n_iter": 24,
  "seed": 1,
  "gp_state": {
    "kernel_type": "matern52",
    "lengthscale": [
      54.598150033144236,
      0.31495841739574654,
      0.7912023761986589,
      0.2956511058616536,
      0.3022251831241635,
      0.4371035285731507
    ],
    "variance": 0.5712296844244211,
    "noise": 1e-06,
    "standardize_targets": true,
    "optimize_hyperparameters": true,
    "optimize_noise": false,
    "y_mean": 0.9865434139881031,
    "y_std": 1.1224142748352246,
    "n_observations": 30,
    "dim": 6
  }
}