{
  "task_name": "train_task_003",
  "optimizer": "bo_scratch_server",
  "n_init": 5,
  "n_iter": 25,
  "gp_state": {
    "kernel_type": "matern52",
    "lengthscale": [
      1.3666542936184938,
      4.199859107666704
    ],
    "variance": 386.0794164738701,
    "noise": 1e-06,
    "standardize_targets": true,
    "optimize_hyperparameters": true,
    "optimize_noise": false,
    "y_mean": -27.526238052570633,
    "y_std": 50.625853247251754,
    "n_observations": 30,
    "dim": 2
  }
}