{
  "task_name": "train_task_011",
  "optimizer": "bo_scratch_server",
  "n_init": 5,
  "n_iter": 25,
  "gp_state": {
    "kernel_type": "matern52",
    "lengthscale": [
      1.0936872714062789,
      2.9164531883462628
    ],
    "variance": 214.71507044859737,
    "noise": 1e-06,
    "standardize_targets": true,
    "optimize_hyperparameters": true,
    "optimize_noise": false,
    "y_mean": -16.841106957040093,
    "y_std": 36.99275509514375,
    "n_observations": 30,
    "dim": 2
  }
}