{
  "task_name": "train_task_002",
  "optimizer": "bo_scratch_server",
  "n_init": 5,
  "n_iter": 25,
  "gp_state": {
    "kernel_type": "matern52",
    "lengthscale": [
      0.8345757875806809,
      2.4305947120615885
    ],
    "variance": 95.57611131501697,
    "noise": 1e-06,
    "standardize_targets": true,
    "optimize_hyperparameters": true,
    "optimize_noise": false,
    "y_mean": -22.25458179799871,
    "y_std": 37.90510635536859,
    "n_observations": 30,
    "dim": 2
  }
}