{
  "task_name": "train_task_001",
  "optimizer": "bo_scratch_server",
  "n_init": 5,
  "n_iter": 25,
  "gp_state": {
    "kernel_type": "matern52",
    "lengthscale": [
      0.8666477344611812,
      2.480596889312936
    ],
    "variance": 87.47474892087233,
    "noise": 1e-06,
    "standardize_targets": true,
    "optimize_hyperparameters": true,
    "optimize_noise": false,
    "y_mean": -18.326289199983805,
    "y_std": 36.810960597813434,
    "n_observations": 30,
    "dim": 2
  }
}