{
  "task_name": "train_task_002",
  "optimizer": "bo_scratch_server",
  "n_init": 5,
  "n_iter": 25,
  "gp_state": {
    "kernel_type": "matern52",
    "lengthscale": [
      1.2606640119171213,
      4.405995982271492
    ],
    "variance": 403.42842544829756,
    "noise": 1e-06,
    "standardize_targets": true,
    "optimize_hyperparameters": true,
    "optimize_noise": false,
    "y_mean": -22.003155255768792,
    "y_std": 41.713810856079476,
    "n_observations": 30,
    "dim": 2
  }
}