{
  "task_name": "train_task_000",
  "optimizer": "bo_scratch_server",
  "n_init": 5,
  "n_iter": 25,
  "gp_state": {
    "kernel_type": "matern52",
    "lengthscale": [
      0.9543486291488038,
      3.6908998238155193
    ],
    "variance": 135.50159629741123,
    "noise": 1e-06,
    "standardize_targets": true,
    "optimize_hyperparameters": true,
    "optimize_noise": false,
    "y_mean": -34.083260806151344,
    "y_std": 55.534470975822494,
    "n_observations": 30,
    "dim": 2
  }
}